h3_index,center_lat,center_lon,elevation_m,dist_to_hospital_m,elevation_risk,distance_risk,vulnerability_score,risk_category
873e66d10ffffff,31.07500017741297,30.080554055610822,2.0,12901.350622799899,0.8378378378378378,0.8467372643940808,84.22875511159593,High
873e66d12ffffff,31.05558912236796,30.064426281673576,0.0,13109.846566255464,0.8918918918918919,0.8604212026080253,87.61565472499586,High
873e66d13ffffff,31.053186681803325,30.09209013448459,-1.0,15236.545225196876,0.9189189189189189,0.9999999999999999,95.94594594594594,High
873e66d14ffffff,31.09681267619761,30.069012665910066,-3.0,10718.03619064322,0.972972972972973,0.7034426789163899,83.82078259446814,High
873e66d15ffffff,31.094407580415414,30.09668704888145,2.0,13230.235569668972,0.8378378378378378,0.8683225346773463,85.3080186257592,High
873e66d16ffffff,31.077401095111856,30.052883049157714,-2.0,10642.81868283458,0.9459459459459459,0.6985060278122898,82.22259868791178,High
873e66d30ffffff,31.13803261100273,30.073602647488727,-2.0,9981.182759336258,0.9459459459459459,0.6550817532330258,80.05138495894859,High
873e66d32ffffff,31.118624169175654,30.057465962651364,-2.0,8800.407781799457,0.9459459459459459,0.5775855124458336,76.17657291958896,High
873e66d33ffffff,31.11622060053727,30.085147505624132,-1.0,11423.632714832467,0.9189189189189189,0.7497521613981792,83.43355401585491,High
873e66d34ffffff,31.159843602830666,30.0620524717406,-2.0,8775.901496581559,0.9459459459459459,0.5759771238737725,76.09615349098593,High
873e66d35ffffff,31.157437383035365,30.089744558897575,1.0,10802.468409983408,0.8648648648648649,0.7089841069824164,78.69244859236406,High
873e66d36ffffff,31.140434647365094,30.045913943102924,-3.0,7325.6335153171085,0.972972972972973,0.48079360557422235,72.68832892735976,High
873e66da4ffffff,31.060376908417158,30.009087267757845,-3.0,9673.62418866718,0.972972972972973,0.6348961687633611,80.39345708681671,High
873e66da5ffffff,31.057985865631935,30.036758655386727,0.0,11210.850187102427,0.8918918918918919,0.7357868874738674,81.38393896828798,High
873f59680ffffff,31.264080249186094,30.059673838961267,1.0,1958.0472658633153,0.8648648648648649,0.12850992379986945,49.668739433236716,Medium
873f59681ffffff,31.261670271572783,30.08739421806007,1.0,4396.499472097498,0.8648648648648649,0.28854962900821823,57.67072469365415,Medium
873f59682ffffff,31.244677161388797,30.043519304657053,-2.0,1943.406850190737,0.9459459459459459,0.1275490487815374,53.67474973637416,Medium
873f59683ffffff,31.24227137704724,30.071236293409346,0.0,3791.534998280627,0.8918918918918919,0.24884479665446174,57.036834427317686,Medium
873f59684ffffff,31.28588805907421,30.048106053291345,-1.0,1335.7147273199869,0.9189189189189189,0.08766519624875971,50.329205758383935,Medium
873f59685ffffff,31.283479631730096,30.075833614356533,-1.0,1738.14680220356,0.9189189189189189,0.1140774878106333,51.6498203364776,Medium
873f59686ffffff,31.26648448240799,30.031949673218758,0.0,0.0,0.8918918918918919,0.0,44.5945945945946,Medium
873f5968effffff,31.239859854304747,30.098949491959964,0.0,6239.074541104529,0.8918918918918919,0.4094809189938208,65.06864054428563,High
873f59690ffffff,31.227666232583925,29.99965264734905,-2.0,0.0,0.9459459459459459,0.0,47.2972972972973,Medium
873f59691ffffff,31.225270376672498,30.02737001146173,-1.0,1354.768347853208,0.9189189189189189,0.0889157172987489,50.391731810883385,Medium
873f59692ffffff,31.20825157610731,29.983512001572816,-3.0,1053.6399556783927,0.972972972972973,0.06915215622081929,52.10625645968962,Medium
873f59693ffffff,31.205859903376226,30.011225959389783,-1.0,1855.769480678242,0.9189189189189189,0.12179726133778222,52.03580901283505,Medium
873f59694ffffff,31.249471502087697,29.988074005347965,18.0,0.0,0.4054054054054054,0.0,20.27027027027027,Low
873f59695ffffff,31.247077204131813,30.015798537900622,12.0,0.0,0.5675675675675675,0.0,28.37837837837838,Low
873f59696ffffff,31.230056346513326,29.971931526072353,18.0,0.0,0.4054054054054054,0.0,20.27027027027027,Low
873f59698ffffff,31.201059353104654,30.066642580599716,1.0,5951.780742908597,0.8648648648648649,0.3906253455058866,62.774510518537575,High
873f59699ffffff,31.198650481939755,30.094345219613324,-1.0,8389.675238301894,0.9189189189189189,0.5506284472170093,73.47736830679641,High
873f5969affffff,31.18165356703956,30.050496975644332,-1.0,6232.6157249706375,0.9189189189189189,0.40905701606579936,66.39879674923591,High
873f5969bffffff,31.179248883802636,30.078196230584606,2.0,8330.680579488107,0.8378378378378378,0.546756528882384,69.22971833601109,High
873f5969cffffff,31.222868781960482,30.055083606203823,0.0,3893.28953185202,0.8918918918918919,0.255523117236159,57.37075045640254,Medium
873f5969dffffff,31.22046145163833,30.08279341937911,0.0,6235.74156045666,0.8918918918918919,0.40926216988773356,65.05770308898127,High
873f5969effffff,31.203462494647574,30.038936156463702,1.0,3815.7520256443804,0.8648648648648649,0.2504342007487511,55.76495328068081,Medium
873f596a3ffffff,31.3052879257969,30.06426767810293,6.0,0.0,0.7297297297297297,0.0,36.486486486486484,Medium
873f596b1ffffff,31.288290736036178,30.020374709147482,0.0,669.1121198380752,0.8918918918918919,0.04391494987535334,46.790342088362266,Medium
873f596b3ffffff,31.268882968042707,30.004221733041817,7.0,0.0,0.7027027027027026,0.0,35.13513513513513,Medium
873f5ba01ffffff,31.142345170121377,29.780444918082775,0.0,446.1729249762413,0.8918918918918919,0.02928307686432743,46.05874843781096,Medium
873f5ba08ffffff,31.118201384543255,29.819774644977095,-3.0,2351.247923824941,0.972972972972973,0.1543163419970461,56.36446574850096,Medium
873f5ba09ffffff,31.11584775732558,29.847482596593338,-3.0,4929.345253626598,0.972972972972973,0.32352119071420954,64.82470818435912,High
873f5ba0affffff,31.09875232745445,29.80367580364692,-3.0,2214.3297772759465,0.972972972972973,0.145330174560443,55.9151573766708,Medium
873f5ba0bffffff,31.0964028528854,29.831380301410263,-3.0,4178.594642129592,0.972972972972973,0.27424816980291533,62.361057138794415,High
873f5ba0cffffff,31.139998864204106,29.808163662579027,0.0,1500.301482271427,0.8918918918918919,0.09846730082816664,49.51795963600293,Medium
873f5ba0dffffff,31.13764681791259,29.835878741882127,3.0,3522.958516605316,0.8108108108108107,0.23121767202051505,52.10142414156629,Medium
873f5ba0effffff,31.120549277353103,29.79206302451892,6.0,0.0,0.7297297297297297,0.0,36.486486486486484,Medium
873f5ba18ffffff,31.081639251967395,29.75987752586628,2.0,3850.752210354104,0.8378378378378378,0.25273132153252587,54.52845796851818,Medium
873f5ba19ffffff,31.079299655033065,29.787582217860002,-3.0,3644.804947093223,0.972972972972973,0.23921465747141685,60.60938152221949,High
873f5ba1bffffff,31.05984337567056,29.771493887581446,2.0,5798.879944494463,0.8378378378378378,0.3805902098400088,60.92140238389233,High
873f5ba1dffffff,31.10109607047729,29.775967645627116,10.0,1232.565802542542,0.6216216216216216,0.08089535943517115,35.125849052839634,Medium
873f5ba40ffffff,31.128181291335355,29.946702162508927,-4.0,1004.944327813436,1.0,0.06595618054882586,53.29780902744129,Medium
873f5ba41ffffff,31.12580058999991,29.97439873244471,-4.0,1695.61058818833,1.0,0.11128576479294507,55.564288239647254,Medium
873f5ba42ffffff,31.10875250038782,29.9305843161546,-4.0,3653.036392304707,1.0,0.2397549010167759,61.9877450508388,High
873f5ba43ffffff,31.106375966746054,29.958277470218007,-3.0,3167.854198622869,0.972972972972973,0.20791158046668914,59.04422767198311,Medium
873f5ba44ffffff,31.149985580604515,29.935121532933866,-4.0,642.6764699242788,1.0,0.042179933864632,52.1089966932316,Medium
873f5ba45ffffff,31.147606435467925,29.96282525000912,-3.0,0.0,0.972972972972973,0.0,48.64864864864865,Medium
873f5ba46ffffff,31.130556267935678,29.919001866280073,-4.0,2506.188653765381,1.0,0.16448536178797693,58.22426808939885,Medium
873f5ba48ffffff,31.101605746341402,30.01365257651632,-2.0,6070.392450730722,0.9459459459459459,0.3984100306867487,67.21779883163474,High
873f5ba49ffffff,31.099212065900762,30.04133450440611,-2.0,8295.279982919326,0.9459459459459459,0.544433128397198,74.5189537171572,High
873f5ba4affffff,31.082185817489002,29.997529738593947,-3.0,7014.315383653929,0.972972972972973,0.46036127481538675,71.66671238941798,High
873f5ba4bffffff,31.0797963095293,30.02520827277028,-3.0,8613.669698544501,0.972972972972973,0.5653295790636292,76.91512760183011,High
873f5ba4cffffff,31.123414167084142,30.00209156389804,-2.0,3694.1486666642004,0.9459459459459459,0.24245316848829598,59.41995572171209,Medium
873f5ba4dffffff,31.121022025751824,30.02978064468985,-2.0,6204.419548836714,0.9459459459459459,0.4072064537685605,67.65761998572532,High
873f5ba4effffff,31.103993714345037,29.985966894397816,-3.0,4354.9772223852315,0.972972972972973,0.2858244541671656,62.939871357006936,High
873f5ba50ffffff,31.091686721536146,29.886778267269097,-3.0,7273.083752323888,0.972972972972973,0.4773446765541241,72.51588247635485,High
873f5ba51ffffff,31.089320070992176,29.91447171094066,-3.0,6301.3742693574395,0.972972972972973,0.4135697545751233,69.32713637740481,High
873f5ba52ffffff,31.07224650455153,29.870674334886242,-3.0,8788.594897086074,0.972972972972973,0.5768102130233734,77.48915929981732,High
873f5ba53ffffff,31.069884011519875,29.898364346858315,-3.0,8949.957236792172,0.972972972972973,0.5874006938260196,78.01868333994963,High
873f5ba54ffffff,31.113488398811807,29.875186867139,-3.0,4758.7707045368425,0.972972972972973,0.31232609716979676,64.26495350713849,High
873f5ba55ffffff,31.11112331212264,29.902887444395542,-2.0,5061.963287854831,0.9459459459459459,0.3322251345720941,63.908554025902006,High
873f5ba56ffffff,31.09404764987476,29.859081126689997,2.0,6643.605944647531,0.8378378378378378,0.43603099301414544,63.69344154259916,High
873f5ba58ffffff,31.06514187988336,29.95373325706071,-3.0,7718.298156168471,0.972972972972973,0.506564844070073,73.9768908521523,High
873f5ba59ffffff,31.06276224755441,29.981412130931034,-3.0,8394.649407538705,0.972972972972973,0.5509549102808662,76.19639416269196,High
873f5ba5cffffff,31.086947701374452,29.94216144550797,-2.0,5421.941100765837,0.9459459459459459,0.3558510817661934,65.08985138560696,High
873f5ba5dffffff,31.084569615823547,29.969847458784496,-1.0,5760.246249193115,0.9189189189189189,0.37805461566624166,64.84867672925803,High
873f5ba5effffff,31.067515802252665,29.9260506583115,-3.0,7923.9313202588255,0.972972972972973,0.5200608932761814,74.65169331245772,High
873f5ba60ffffff,31.191214999898733,29.939662312784634,6.0,326.91452951890295,0.7297297297297297,0.021455948490099977,37.55928391099149,Medium
873f5ba61ffffff,31.188833243049572,29.96737660057736,-2.0,1092.3807477350747,0.9459459459459459,0.07169477933413607,50.88203626400411,Medium
873f5ba62ffffff,31.171788825566253,29.923535578768643,-4.0,0.0,1.0,0.0,50.0,Medium
873f5ba63ffffff,31.169411241763,29.951246444364777,-4.0,0.0,1.0,0.0,50.0,Medium
873f5ba64ffffff,31.21301770088842,29.92807285254086,22.0,0.0,0.29729729729729726,0.0,14.864864864864863,Low
873f5ba65ffffff,31.210637509666494,29.955794295217995,3.0,0.0,0.8108108108108107,0.0,40.54054054054054,Medium
873f5ba66ffffff,31.19359101723299,29.91194429728833,9.0,0.0,0.6486486486486487,0.0,32.432432432432435,Medium
873f5ba68ffffff,31.16463887670708,30.006656969443842,0.0,3658.2382236851454,0.8918918918918919,0.24009630592868705,56.59940989102895,Medium
873f5ba69ffffff,31.162244101783553,30.034356604532206,-2.0,6176.392291625398,0.9459459459459459,0.4053669779033252,67.56564619246356,High
873f5ba6affffff,31.145221562773045,29.99052523218784,-2.0,2013.7034736156456,0.9459459459459459,0.1321627339959952,53.90543399709706,Medium
873f5ba6bffffff,31.142830965681803,30.018221467279254,-2.0,4669.80694443178,0.9459459459459459,0.3064872564883841,62.6216601217165,High
873f5ba6cffffff,31.18644574984369,29.99508714845238,-3.0,3093.3243167685537,0.972972972972973,0.2030200594064514,58.799651618971225,Medium
873f5ba6dffffff,31.184052523448297,30.022793944205866,-3.0,4514.75197793274,0.972972972972973,0.29631073916064876,63.46418560668109,High
873f5ba6effffff,31.16702792442325,29.978953578657325,-3.0,1642.9012024065432,0.972972972972973,0.10782635946170105,54.039966621733704,Medium
873f5ba70ffffff,31.15472667560006,29.879702942908086,-3.0,247.00053555818505,0.972972972972973,0.01621105912839854,49.45920160506858,Medium
873f5ba71ffffff,31.152358995029886,29.907414093163098,-4.0,1263.587804966707,1.0,0.08293138544800135,54.14656927240007,Medium
873f5ba72ffffff,31.13528903435664,29.86359014375175,-4.0,2372.801070613498,1.0,0.15573091114444795,57.786545557222404,Medium
873f5ba73ffffff,31.13292551665505,29.89129785595774,-2.0,2889.4479344180013,0.9459459459459459,0.18963931073034082,56.779262833814336,Medium
873f5ba74ffffff,31.17652677996802,29.86810270252665,0.0,0.0,0.8918918918918919,0.0,44.5945945945946,Medium
873f5ba75ffffff,31.174160672681953,29.895820994081625,5.0,0.0,0.7567567567567568,0.0,37.83783783783784,Medium
873f5ba76ffffff,31.157088619180115,29.85198809439031,4.0,874.3014294681609,0.7837837837837838,0.05738186816932207,42.05828259765529,Medium
873f5bae0ffffff,31.055155292240627,29.826885390817164,27.0,7535.25235978007,0.16216216216216206,0.49455124166329534,32.83567019127287,Medium
873f5bae1ffffff,31.052802669548676,29.854575647229215,-2.0,9142.070802613522,0.9459459459459459,0.6000094291385135,77.29776875422297,High
873f5bae4ffffff,31.07695432941914,29.81528325817663,-3.0,4874.805166853273,0.972972972972973,0.31994163340858545,64.64573031907793,High
873f5bae5ffffff,31.074603278223126,29.842980634590553,33.0,6591.041801663616,0.0,0.4325811202111567,21.629056010557836,Low
873f5bae6ffffff,31.05750219531439,29.799191466863245,1.0,6261.529383298703,0.8648648648648649,0.41095466792195967,63.79097663934124,High
873f5baecffffff,31.05044433034694,29.882262223895488,-3.0,11157.69341190163,0.972972972972973,0.7322981192252167,85.26355460990949,High
873f5bb49ffffff,31.251860052076804,29.9603457192174,0.0,0.0,0.8918918918918919,0.0,44.5945945945946,Medium
873f5bb4bffffff,31.23244071528818,29.944206659848554,0.0,0.0,0.8918918918918919,0.0,44.5945945945946,Medium
873f5bb5bffffff,31.19596129190311,29.884222566312832,6.0,0.0,0.7297297297297297,0.0,36.486486486486484,Medium
